seed,Name,Spec,L,MsTrue,comp0,dist
10185257,HIP 400,G9V,0.52,0.928025966405673,0.2007812497092255,26.39
10185257,HIP 439,M1.5V,0.02,0.507314429439693,0.42397328888869307,4.34
10185257,HIP 473 A,K2,0.09,0.5751193516574316,0.16615334716941255,11.31
10185257,HIP 522,F7V,3.0,1.2867839967516934,0.15126577899883226,25.71
10185257,HIP 544,K0V,0.68,0.985584730362085,0.7511097533308767,13.67
10185257,HIP 669,G2/3V,1.03,1.0276208370731645,0.49690784814315403,27.44
10185257,HIP 910,F5V,3.38,1.3296206594508853,0.1383529365975862,18.75
10185257,HIP 950,F3/5V,3.07,1.3574663179301343,0.15787808560372385,21.28
10185257,HIP 1031,K0V,0.52,0.9534075710194205,0.5185735359280239,20.19
10185257,HIP 1292,G6V,0.67,0.9662631045495413,0.6965960926691437,17.5
10185257,HIP 1349,G2V,0.89,0.9483352106463873,0.6155148996929799,22.6
10185257,HIP 1475,M1.5V,0.02,0.4752731483595794,0.6683316793672526,3.57
10185257,HIP 1499,G5V,1.28,1.1684380842493918,0.5412327291832193,23.25
10185257,HIP 1598,G0,0.9,1.0787316082775145,0.551903420137092,24.8
10185257,HIP 1599,G0V,1.33,1.042341639892204,0.6078926956617277,8.59
10185257,HIP 1803,G3V,1.09,1.0390783034310274,0.6325876114650855,20.86
10185257,HIP 1936,K2V,0.26,0.8335122066734473,0.23011797042613816,18.22
10185257,HIP 1954,G8IV+(F),0.83,0.9503261460270339,0.4136592974686702,27.23
10185257,HIP 2021,G1IV,3.7,1.3396014806166698,0.1393602540854329,7.46
10185257,HIP 2711,F6V,3.28,1.2567672831099428,0.12445413135825899,25.48
10185257,HIP 2742,K0IV,0.53,0.8820726736015844,0.10892615336343357,28.9
10185257,HIP 2790,G8V,0.85,1.071565242926147,0.3632634179010016,28.79
10185257,HIP 3170,F6/8V,2.42,1.2655232619667922,0.24235223792725438,24.96
10185257,HIP 3185,G3/5V,2.76,1.340967509232801,0.16902960222510421,28.89
10185257,HIP 3203 A,G2/3V,0.98,0.9828129609163341,0.5171299109550709,26.5
10185257,HIP 3206,K2V,0.37,0.8307543784245511,0.511443170400465,17.33
10185257,HIP 3497,G5V,1.07,1.0408212164540818,0.6242905943564575,22.06
10185257,HIP 3535,K3V,0.32,0.873105568479382,0.1531019807277306,21.57
10185257,HIP 3583,G1V,0.98,0.984248780106758,0.7100538153488576,15.16
10185257,HIP 3588 A,K5/M0V,0.2,0.7900195798406361,0.2424874309283562,15.82
10185257,HIP 3765,K1V,0.3,0.8548081335052365,0.850381810227275,7.45
10185257,HIP 3821 A,G3V,1.31,1.1439847571674786,0.6223399097766197,5.94
10185257,HIP 3850,G8/K0V,0.47,0.9466448839539023,0.5547504336816923,18.69
10185257,HIP 3876,K0,0.4,0.836026988803169,0.284282301559448,21.63
10185257,HIP 3909,F7V,1.85,1.1245210838452608,0.40898443441093985,15.75
10185257,HIP 3979,G5V,0.7,1.024253340884154,0.5917637837228006,21.52
10185257,HIP 4148,K2V,0.31,0.801837126544834,0.6475950494882654,14.17
10185257,HIP 4151,F8V,3.66,1.3278165961832904,0.12402048754370411,18.74
10185257,HIP 4290,G5,0.84,1.0110894122551868,0.34722565279367784,29.06
10185257,HIP 4907,G5,0.53,0.9463370511560705,0.25224342787001797,25.5
10185257,HIP 5336,G5Vp,0.46,0.9374809839052871,0.8285647220214571,7.55
10185257,HIP 5521,K0,0.6,0.9423597768300483,0.25195435614298384,27.08
10185257,HIP 5862,G0V,2.07,1.201619223397745,0.354935495965981,15.11
10185257,HIP 5896 A,F5V,3.99,1.401081862847184,0.10600847036191233,20.96
10185257,HIP 5938,K0V,0.62,0.95431036485369,0.32133874499524084,25.91
10185257,HIP 5944,G0,1.1,1.1415492047474967,0.5994746824009948,23.2
10185257,HIP 5985,G2V,1.91,1.2134015697770226,0.30885806485808204,29.88
10185257,HIP 6379,K0,0.39,0.8515683818001346,0.577853123358053,16.81
10185257,HIP 6405,G3V,0.98,0.9831641518188753,0.5457269170953162,25.79
10185257,HIP 6762,G8V,0.56,0.9969198926023456,0.121816415647774,29.35
10185257,HIP 7078,F6V,3.37,1.2641468374393978,0.10581140035172654,28.98
10185257,HIP 7235,K0V,0.57,0.9631026558505622,0.6238284226925677,19.05
10185257,HIP 7339,G6V,0.97,1.0524006950971632,0.6570997446592517,20.66
10185257,HIP 7513,F8V,3.64,1.4007192021530788,0.13498681868039447,13.49
10185257,HIP 7576,K0/1V,0.5,0.8898752848754742,0.2933317608685232,23.95
10185257,HIP 7585,G5V,1.17,1.1479016053962188,0.5404068729950974,25.63
10185257,HIP 7734,G5IV,0.96,0.995600842659489,0.646273235318733,21.37
10185257,HIP 7751 B,K0/4,0.34,0.8699231344414408,0.8421478351325433,7.82
10185257,HIP 7918,G2V,1.49,1.0584641014383276,0.5331499740657859,12.74
10185257,HIP 7978,F8V,1.64,1.0936063844834383,0.4629049269717842,17.43
10185257,HIP 7981,K1V,0.47,0.9394147546693831,0.8272232088097631,7.53
10185257,HIP 8070,K5V,0.13,0.6992361186341205,0.16725517254988637,13.58
10185257,HIP 8102,G8.5V,0.52,0.9420248262979904,0.8376809142722498,3.65
10185257,HIP 8362,K0V,0.55,0.8731704973794367,0.7968590109179959,10.07
10185257,HIP 8433,F8V,3.36,1.3896464221396956,0.11080560921725359,27.86
10185257,HIP 8486,G0,0.92,1.047215986198063,0.6208907544244295,22.56
10185257,HIP 8514,F6V,1.85,1.1553862849379055,0.34330592007928484,27.35
10185257,HIP 8768,K5/M0V,0.09,0.6332518948503691,0.19778178320496967,11.01
10185257,HIP 9085,F6/7V,2.29,1.1925254145568107,0.2555257320682799,26.87
10185257,HIP 9269,G5,0.85,1.0513953584820928,0.5192847549760534,24.98
10185257,HIP 9716,K0V,0.51,0.9236643931016111,0.22532003888689275,25.6
10185257,HIP 9829,G2V,0.83,1.0216231200883892,0.5975086138448003,22.77
10185257,HIP 10031,F8,1.52,1.1726332592266882,0.4279626214480595,27.15
10185257,HIP 10138,K1V,0.42,0.9030290387987385,0.8003248789022096,10.78
10185257,HIP 10505,G8IV,1.28,1.1436835504976848,0.4905114043043741,26.98
10185257,HIP 10531,K2V,0.47,0.9446742006592549,0.5616277300559585,18.58
10185257,HIP 10644,G0V,1.21,1.1318039021015054,0.6508770972346536,10.78
10185257,HIP 10679,G2V,0.53,0.9979394951515145,0.17062044533814572,27.34
10185257,HIP 10723,G0V,2.79,1.3499237058251632,0.18565836460697321,24.35
10185257,HIP 10798,G8V,0.45,0.9213502346139055,0.7694516402740917,12.67
10185257,HIP 11964,M0VP,0.12,0.5724208314573586,0.3113742469670313,11.6
10185257,HIP 12114,K3V,0.29,0.8520107915109401,0.8544675199690022,7.18
10185257,HIP 12186,G1V,2.92,1.2760187995660983,0.16154795177187492,25.78
10185257,HIP 12444,F7V,1.97,1.155891626177943,0.3511116715203948,21.76
10185257,HIP 12530 A,F5V,2.26,1.262362084447809,0.2838204461517778,22.59
10185257,HIP 12653,G0V,1.78,1.1622843614600793,0.42266766556522894,17.17
10185257,HIP 12777,F7V,2.42,1.244576476503666,0.2889926399373875,11.13
10185257,HIP 12843,F5/6V,2.83,1.2118716216554,0.21082559203847842,14.22
10185257,HIP 12926,K1IV,0.49,0.883104569964794,0.1876235332557598,25.91
10185257,HIP 12929,K5,0.16,0.6958775568811808,0.10033517746986988,16.01
10185257,HIP 13081,K1V,0.58,0.9509354885859252,0.3436719954424026,24.64
10185257,HIP 13402,K1V,0.42,0.8799571853231856,0.8062980502779076,10.35
10185257,HIP 13601,G5,0.75,0.9454779220194247,0.38201400203246877,26.8
10185257,HIP 13642 A,K2,0.55,0.8654617643210781,0.37072135115324467,23.49
10185257,HIP 13665,F4V,3.55,1.2675176271884585,0.10623636204935802,26.71
10185257,HIP 13976,G5,0.41,0.9110455009690257,0.15429541133801958,24.39
10185257,HIP 14150,G8V,0.89,1.0866448989717348,0.6553845224063063,20.64
10185257,HIP 14286,G4V,1.19,1.1530134310384248,0.5579647392777128,24.23
10185257,HIP 14623,G3/G5V,0.97,1.0501345971465714,0.39190739850139616,29.66
10185257,HIP 14632,G0V,2.36,1.2726371582393798,0.302210737929403,10.54
10185257,HIP 15099,K0,0.4,0.9031393873933029,0.2273630873898497,22.65
10185257,HIP 15131,G0/2V,1.04,1.125074541380727,0.5946358382403781,24.19
10185257,HIP 15323,G0,1.73,1.1976907985941092,0.3776446509734264,26.68
10185257,HIP 15330,G3/5V,0.8,0.9466731152097646,0.7522838974783008,12.01
10185257,HIP 15371,G2V,1.03,1.0368173746675016,0.7199485127956713,12.03
10185257,HIP 15442,G5V,0.88,1.0099907903547793,0.5242245111546587,25.22
10185257,HIP 15457,G5V,0.88,1.0242095632812873,0.7579666656021945,9.14
10185257,HIP 15510,G8.0V,0.69,0.943430354099668,0.7997739273620401,6.04
10185257,HIP 15799,K0V,0.56,0.9157602593702946,0.6763890264570581,17.42
10185257,HIP 15919,K4V,0.23,0.7150972337024075,0.36605195036630467,15.39
10185257,HIP 16012,G8V,0.57,0.9997268952821688,0.13828649566845772,29.17
10185257,HIP 16069,K4V,0.23,0.7384127411614311,0.25385610601059483,16.81
10185257,HIP 16134,K5V,0.13,0.6987740229824425,0.2685476002095255,12.49
10185257,HIP 16711,K5/M0V,0.13,0.7080047524116311,0.16469887719973048,13.61
10185257,HIP 16852,F8V,3.29,1.2324204167353445,0.15456248825904778,13.96
10185257,HIP 17147,F7/8V,1.24,1.118440913804941,0.5240807810824573,25.56
10185257,HIP 17336,G0,0.81,0.9506156618227322,0.5116417306019837,24.66
10185257,HIP 17378,K0IV,3.37,1.281212389769726,0.15620333654827637,9.04
10185257,HIP 17420,K2V,0.31,0.8701629270268433,0.6609324112857562,13.95
10185257,HIP 17439,K1V,0.43,0.8724511846199836,0.6648148929506869,16.03
10185257,HIP 17666 A,K1V,0.37,0.9320219193395373,0.22033931009175264,21.91
10185257,HIP 18267,G0,0.76,0.964794474738579,0.6447772491161329,20.43
10185257,HIP 18324,K0V,0.35,0.8168849194972969,0.23765266790480852,21.01
10185257,HIP 18512 A,K4V,0.19,0.6950792787808459,0.23368663956531047,15.53
10185257,HIP 18774,K4V,0.19,0.7570648221345387,0.1792156386149261,16.25
10185257,HIP 18844,G2V,1.24,1.074009833895291,0.5184513011253138,25.91
10185257,HIP 18859,F7/8V,2.17,1.3066105884515093,0.3187980222980419,18.83
10185257,HIP 19076,G5V,1.12,1.1294229967198883,0.6550824058328365,16.94
10185257,HIP 19255 A,G5,0.67,0.947418566927555,0.6208880189130299,20.38
10185257,HIP 19301,G5,0.68,0.9145207903932155,0.22086243046777762,29.54
10185257,HIP 19335,F7V,2.36,1.2974448648140755,0.2712688907361872,21.0
10185257,HIP 19422,G5,0.32,0.8627821305165646,0.32442863614354994,18.75
10185257,HIP 19849,K0.5V,0.42,0.8247240892776674,0.8511648836704244,4.98
10185257,HIP 19855,G5IV,0.69,0.9772198945365108,0.6048945874283932,21.06
10185257,HIP 19859,G0IV...,1.2,1.1377534189291478,0.5879246502992762,21.33
10185257,HIP 19884,K5V,0.2,0.6995534860124789,0.49054543304237924,13.04
10185257,HIP 20800,G0,1.46,1.1532937184368746,0.4297316670383812,28.18
10185257,HIP 20917,K7V,0.13,0.6247400893190042,0.3863758365176369,11.39
10185257,HIP 21272,K0,0.49,0.9140984342156316,0.136466179740216,27.09
10185257,HIP 21276,G0,0.52,0.9077976641606122,0.24589211064761812,25.4
10185257,HIP 21327,G8V,0.69,1.0296652561243953,0.2852277239744025,28.1
10185257,HIP 21482,K2,0.29,0.7194695449734354,0.31583705134085077,17.97
10185257,HIP 21553,K8V,0.08,0.6420253592727164,0.2297104188289111,10.11
10185257,HIP 21818,K3V,0.16,0.7268625940451809,0.3310459750586839,13.19
10185257,HIP 21960,G8V,0.66,0.9292050930025947,0.29295190825104117,27.34
10185257,HIP 22122,K1V,0.42,0.9157089627618336,0.3586871846247841,20.86
10185257,HIP 22263,G3V,1.01,1.012890786344106,0.718483451668886,13.28
10185257,HIP 22336,G5V,3.08,1.3512564348912401,0.1382695484320686,26.42
10185257,HIP 22349,G2V...,1.34,1.1263217314964027,0.4206112867087028,29.78
10185257,HIP 22449,F6V,3.0,1.3390559966341653,0.19536112425782426,8.07
10185257,HIP 22451,K2V,0.34,0.8244620513627114,0.4315819046382659,17.75
10185257,HIP 22776,G5,0.62,0.8999951413874298,0.22258240617802097,28.22
10185257,HIP 22787,K0V,0.56,0.9726765723353895,0.29948102307727803,25.16
10185257,HIP 22907,K3/4V,0.23,0.7401372357209975,0.17849027021390867,17.89
10185257,HIP 23311,K4III,0.3,0.8234720519835665,0.832173541251154,8.71
10185257,HIP 23437,G0V,0.73,0.9952104829299975,0.5654220850322594,22.48
10185257,HIP 23452 A,M0V,0.09,0.5614389486822737,0.5156709676160781,8.58
10185257,HIP 23484,F6V:,2.21,1.25894227139163,0.26498980965016916,27.76
10185257,HIP 23693,F6/7V,1.54,1.1150351566232353,0.5193818026206563,11.65
10185257,HIP 23786,K0V,0.46,0.856388003611195,0.25842346787113923,23.67
10185257,HIP 23852,G1IV,2.35,1.2409277573845523,0.24000472143578147,27.67
10185257,HIP 24186,M2.0V,0.01,0.48232149099579213,0.12516554679292702,3.91
10185257,HIP 24205,G1/2V,1.15,1.0479947176755986,0.47218008015379753,28.37
10185257,HIP 24419,G8V,0.86,1.075794260368146,0.3585423319555832,29.06
10185257,HIP 24786,G0V,2.27,1.2254777786802595,0.26959581222046985,25.03
10185257,HIP 24813,G0V,1.89,1.2347015545129474,0.40848837778029995,12.63
10185257,HIP 24819 A,K3V,0.25,0.7988185791164167,0.4150217354046482,15.45
10185257,HIP 25110,F6V,3.45,1.2519131215435295,0.12896718331748988,20.89
10185257,HIP 25220,K2,0.18,0.7001320358378469,0.32284252032288213,14.08
10185257,HIP 25278,F8VSB,1.8,1.1939112344136902,0.4279594785769483,14.39
10185257,HIP 25421,K2/3V,0.3,0.7884908538345737,0.35190848801299135,17.77
10185257,HIP 25486,F7/8V,1.95,1.2326989694789627,0.32303265932889974,27.04
10185257,HIP 25544,G6/8V,0.57,0.962092496807138,0.6175478605027225,19.2
10185257,HIP 25623,K4V,0.21,0.7143717665695404,0.5239015015906174,13.02
10185257,HIP 25662,G0V,1.46,1.0439049156005666,0.4298769539840989,28.17
10185257,HIP 25878,M1.0V,0.07,0.5871659561948126,0.7797255389561716,5.68
10185257,HIP 26335,K7,0.08,0.5704948400034167,0.10780283529514384,11.24
10185257,HIP 26373,K0V,0.44,0.8381449390684704,0.16141358166679515,25.11
10185257,HIP 26394,G1V,1.64,1.1219885887140237,0.4584209837944755,18.32
10185257,HIP 26501 A,G6V,0.74,1.0314397977896217,0.4315278254602138,25.5
10185257,HIP 26505,K2V,0.34,0.8524397401743978,0.27096196611752393,20.16
10185257,HIP 26653,G5,0.56,0.8752788216519806,0.17669286817968174,27.95
10185257,HIP 26779,K1V,0.5,0.9504433344571501,0.777638028893115,12.28
10185257,HIP 26834,G8/K0IV,0.92,0.9580585623949636,0.39087417950247066,29.04
10185257,HIP 27072,F7V,2.51,1.2220019715117272,0.27543588449956374,8.93
10185257,HIP 27075,F8/G0V,1.67,1.2332374856173176,0.4025085255000097,25.54
10185257,HIP 27207,K0V,0.57,0.9848359254856769,0.47517585734388107,21.85
10185257,HIP 27244,G2V,1.57,1.2012261981379473,0.40353272369994275,28.18
10185257,HIP 27435,G3V,0.85,0.9616687876370256,0.722473541136078,15.18
10185257,HIP 27887,K3V,0.27,0.8068825574387503,0.6663667712697187,13.0
10185257,HIP 27922 A,G6V,0.52,0.935426919589765,0.3350928354987312,23.57
10185257,HIP 28066,G5IV,1.47,1.1717294105451224,0.4475337905934055,26.6
10185257,HIP 28267,F7V,0.87,1.0506052921355322,0.5851911641774181,23.55
10185257,HIP 28634,F5,1.84,1.1824280360980661,0.3351694615825209,28.61
10185257,HIP 28764,F8/G0V,1.78,1.2023256605885617,0.3661514274233065,26.57
10185257,HIP 28790 A,F5V,2.63,1.1972338345796398,0.19815540041949978,26.9
10185257,HIP 28908,G0V,2.1,1.2439758281463755,0.300214877180873,25.62
10185257,HIP 28954,K0,0.47,0.9251718936673673,0.7108516967574557,15.27
10185257,HIP 29271,G6V,0.91,1.0822168930682232,0.748776236159663,10.2
10185257,HIP 29295,M1.5V,0.06,0.5776728136776118,0.7262865509761292,5.75
10185257,HIP 29432,G4V,0.9,1.0247939218336442,0.5944536361373138,23.5
10185257,HIP 29525,G8V,0.79,1.0589076930260335,0.6952488911014149,17.95
10185257,HIP 29650,F6V,3.05,1.3384859593241403,0.16194747803480633,20.82
10185257,HIP 29761,G5,0.69,1.0129470162426808,0.38602255501462346,25.73
10185257,HIP 29800,F5IV-V,3.03,1.230677788574409,0.16924640457027162,19.25
10185257,HIP 30067,F8V,1.52,1.0563963278202,0.4234876235511904,27.54
10185257,HIP 30104,G3V,1.29,1.045964949274821,0.5162863708407965,25.13
10185257,HIP 30314,G1V,1.23,1.0498400168318582,0.5516894223791491,23.78
10185257,HIP 30344,K0/1V(+G),0.88,1.0748292048411392,0.3592892425912006,29.33
10185257,HIP 30476,G5V,1.54,1.1742613675726665,0.4138510835818129,27.93
10185257,HIP 30503,G2V,1.21,1.121906497071297,0.5791079231327553,21.88
10185257,HIP 30711,F8/G0V,2.94,1.3841233463134601,0.14019195154597236,29.87
10185257,HIP 30862,G0,0.76,0.9607209351622095,0.4855757027178639,24.58
10185257,HIP 31083,G3/5V,1.03,1.076014376259858,0.4839165283217638,27.78
10185257,HIP 31660,G5,1.25,1.12317544630882,0.498253950025881,26.92
10185257,HIP 32010,K2,0.23,0.7817712482076464,0.2080994311412453,17.45
10185257,HIP 32322,F7V,1.73,1.1403517330926212,0.3737545546036537,27.14
10185257,HIP 32439,F8V,1.87,1.1112085387726665,0.3949558737052,17.87
10185257,HIP 32480,G0V,1.95,1.1916102072271337,0.3788687325521258,16.72
10185257,HIP 32971,G5,0.92,1.0706232158075026,0.3641402199309236,29.76
10185257,HIP 32984,K3V,0.24,0.7868087311380044,0.8233796317069627,8.71
10185257,HIP 33094,G3/5V,2.42,1.2224292546860793,0.2376320822948153,25.89
10185257,HIP 33212,F8,1.44,1.0752180880304176,0.4041517787393554,29.91
10185257,HIP 33226,M3.0V,0.02,0.4751851257639332,0.10968797208393417,5.61
10185257,HIP 33277,G0V,1.32,1.089623708835393,0.5740095736941869,17.24
10185257,HIP 33690,K1V,0.62,0.988763037643712,0.6678456297748272,18.33
10185257,HIP 33719,G0V,2.25,1.3056204266981937,0.24972239637324647,28.96
10185257,HIP 33817,K1V,0.47,0.9480716265249283,0.7280589143434903,14.65
10185257,HIP 33852,K3V,0.3,0.8634172551802107,0.19905344380228499,20.08
10185257,HIP 34017,G4V,1.37,1.044944059315459,0.5434195610936783,19.13
10185257,HIP 34065,G3V,1.45,1.0962164743005696,0.5304814790689947,16.52
10185257,HIP 34069,K0V,0.93,1.0238063375146336,0.6537811027025164,20.84
10185257,HIP 34567,G8V,0.88,1.0441443926227267,0.526360737396498,25.17
10185257,HIP 34739,G8V,0.73,0.9540194994574824,0.3329803916134009,27.65
10185257,HIP 35136,G0V,1.54,1.1932449816325656,0.49767187722853956,16.89
10185257,HIP 35265,G0,1.12,1.0136701915567254,0.5156189838286522,27.09
10185257,HIP 36208,M3.5V,0.01,0.4443258525793894,0.16923514439534038,3.76
10185257,HIP 36210,G5V,0.99,1.088143395906836,0.6253820927434627,22.68
10185257,HIP 36249,G5,0.95,1.0484371696654506,0.43455051874373457,28.27
10185257,HIP 36285,G5,0.87,0.9397805229933648,0.3913027507973829,28.35
10185257,HIP 36357,K2V,0.28,0.8137913632343863,0.3156531232644315,17.66
10185257,HIP 36399,F6V,2.89,1.225509803733431,0.1592377113860332,27.24
10185257,HIP 36439,F6V,2.51,1.2761506827679707,0.24663040937493116,20.24
10185257,HIP 36515,G3V,0.94,1.0460110510569685,0.6375594361975775,21.82
10185257,HIP 36640,G5/8V+(F),3.02,1.2622036694226686,0.13938171037467745,27.92
10185257,HIP 36704,G5,0.34,0.7881489973866793,0.29620755170679447,19.76
10185257,HIP 36832,G5/6V,0.77,1.0204177406315065,0.30911944818810627,28.93
10185257,HIP 37061,G9V,0.51,0.9318100171985959,0.11947556336538633,28.07
10185257,HIP 37349,K0/2V,0.31,0.8652430236014981,0.6450484447492532,14.21
10185257,HIP 37727,G0,0.81,0.9745666722306976,0.29587774125516514,29.95
10185257,HIP 38018,G0,1.0,1.0373484708280691,0.5175197985036116,26.7
10185257,HIP 38228,G5IV,0.78,1.0489819019426903,0.6062750815435812,22.0
10185257,HIP 38325,F6V,2.93,1.365779522187645,0.1428018967396599,29.6
10185257,HIP 38423 A,F3/5V,2.63,1.2728548278465723,0.23356260697007736,17.94
10185257,HIP 38657,K2,0.38,0.8588328808325575,0.3079825715171333,20.69
10185257,HIP 38784,G8V,0.66,0.9573533802258363,0.7017175252906531,17.19
10185257,HIP 38908,G0V,1.36,1.0988944995024774,0.5649838012135014,16.2
10185257,HIP 38931,K4V,0.24,0.8280378538490416,0.2091325730838773,17.81
10185257,HIP 38980,G6V,0.59,0.905081055932042,0.1263756609174594,30.0
10185257,HIP 39064,K0V,0.5,0.9220270836242094,0.30493915274461314,23.72
10185257,HIP 39157,G8V,0.45,0.9110174456213953,0.6460589066489334,16.77
10185257,HIP 39342,K1V,0.42,0.933607908116797,0.5839089091941243,17.31
10185257,HIP 39506,G0,0.99,1.0676880438111553,0.41045600670728016,29.4
10185257,HIP 39710,G2V,1.06,1.0720372354752266,0.5747678394027597,25.01
10185257,HIP 39780,G2IV,3.67,1.3864933990941697,0.11201098030819039,23.29
10185257,HIP 40035,F7V,2.64,1.2045824048215494,0.2165675368713261,22.38
10185257,HIP 40283,G2V,1.41,1.13009878603268,0.45145656973078874,27.5
10185257,HIP 40438,G1V,1.41,1.0477697292365151,0.4628338169742222,26.67
10185257,HIP 40693,K0V,0.63,0.9131568808800079,0.7668215519978713,12.49
10185257,HIP 40843,F6V,2.56,1.3350433997431268,0.24456850040313288,18.27
10185257,HIP 40952,G8/K1(III+F/G),0.98,1.0924042395283113,0.45575959436502483,28.07
10185257,HIP 41211,F5V,3.47,1.3477089338555603,0.11010181319149226,26.62
10185257,HIP 41484,G5V,1.31,1.0550320753743319,0.5403759729747958,22.25
10185257,HIP 41926,K0V,0.41,0.8636417760049587,0.774218139330695,12.21
10185257,HIP 42074,K0V,0.53,0.9713295449665815,0.4749753469720314,21.14
10185257,HIP 42172,F8V,2.34,1.2881408977310214,0.25590746058969777,25.13
10185257,HIP 42173,G5V,0.83,1.0218869985447634,0.4546112049820192,26.24
10185257,HIP 42291,G1V,1.63,1.1830541859623458,0.3966995577465847,27.4
10185257,HIP 42333,G8/K0(IV),1.04,1.0524343197515111,0.5988597492505683,23.98
10185257,HIP 42418,K0,0.48,0.9418006005821196,0.22607175765404913,24.83
10185257,HIP 42438,G1.5Vb,1.03,1.025938890291538,0.7063531349849637,14.36
10185257,HIP 42499,K1V,0.32,0.8015859073196433,0.3665820308111906,18.14
10185257,HIP 42697,K1V,0.33,0.8123974763971996,0.10589317150794517,22.87
10185257,HIP 42808,K2V,0.32,0.8514771300773794,0.7810455789471432,11.14
10185257,HIP 43177,G0V,2.16,1.1577354954908945,0.26498836985237095,29.15
10185257,HIP 43410,F7Vn,2.28,1.208643693706907,0.248297891952127,28.35
10185257,HIP 43557,G0,1.22,1.074025740088623,0.5517964027359086,24.02
10185257,HIP 43587,G8V,0.66,0.9379971376214754,0.7653005752520591,12.34
10185257,HIP 43726,G3/5V,1.09,1.0251181144965413,0.663680042609142,17.39
10185257,HIP 43797,F6V,2.63,1.2714567782271518,0.21090058344729481,24.15
10185257,HIP 43852,G5,0.56,0.8818753640346589,0.2598812367027177,26.02
10185257,HIP 44075,F7/8IV/V,1.87,1.1902665309343041,0.3796892423930792,21.03
10185257,HIP 44295 A,M0V:p...,0.16,0.7230901622982684,0.10292650378490069,15.97
10185257,HIP 44897,F9V,1.38,1.06003037189934,0.5394394114187725,19.19
10185257,HIP 45333,F9V,2.87,1.2811347869907033,0.1908648203384281,19.57
10185257,HIP 45343,M0.0V,0.08,0.6264740142098627,0.7763997996581847,6.11
10185257,HIP 45836,F3V,2.26,1.2004105765867559,0.2575995381411528,27.45
10185257,HIP 45859,G5,0.57,0.9365608974617678,0.17207106591084148,28.31
10185257,HIP 45963,K2V,0.67,0.8936121909988021,0.40661131199736916,24.94
10185257,HIP 46509,F5V,3.72,1.3817215754496421,0.1243577675774727,17.33
10185257,HIP 46580,K3V,0.27,0.7742163619124282,0.6719753892938238,12.91
10185257,HIP 46816,K1Vp,0.3,0.8353240986440625,0.29221414995288303,18.62
10185257,HIP 46843,K0,0.48,0.8693170382414661,0.6202100365025193,17.79
10185257,HIP 47007,G2/3V,1.64,1.1081252929934373,0.3934718261278931,27.47
10185257,HIP 47080,G8IV-V,0.85,0.9884804098557904,0.7502540189388216,11.37
10185257,HIP 47592,G0V,2.11,1.2639692394903115,0.34581442740568563,15.01
10185257,HIP 47690,K5V,0.25,0.7931707839438175,0.20630484821983477,18.22
10185257,HIP 48113,G2V,2.78,1.218495897592912,0.20802183071516753,18.37
10185257,HIP 48331,M0V,0.17,0.7164571685060187,0.5867152272118041,11.16
10185257,HIP 48714,M2,0.08,0.5797047413565174,0.17748721118964095,10.56
10185257,HIP 49081,G1V,1.47,1.097451051670008,0.5306311629183499,15.05
10185257,HIP 49699,K0,0.35,0.8628505028450926,0.4179342881109284,18.2
10185257,HIP 49908,K7.0V,0.11,0.6272792897152625,0.8878642320379178,4.87
10185257,HIP 49986,M3,0.05,0.5171106205609526,0.2487437590891595,7.87
10185257,HIP 50075,G0V,1.32,1.1328309386831907,0.5315303720108996,22.85
10185257,HIP 50384,F8Vw,2.14,1.2313073418376923,0.3073994248222399,22.81
10185257,HIP 50505,G5,0.83,0.976795714288317,0.6584363105606686,20.24
10185257,HIP 50782,G5,0.53,0.9097287704181204,0.214025991481788,26.34
10185257,HIP 50921,G5V,0.79,0.9358839304493989,0.5983458635198842,22.35
10185257,HIP 51248,G1V,1.27,1.1115670952277985,0.5480270277826949,22.91
10185257,HIP 51459,F8V,1.68,1.124250107392451,0.46939689082054026,12.78
10185257,HIP 51502,F2V,3.08,1.290025059573102,0.15587925119839188,21.5
10185257,HIP 51819,K0,0.52,0.9804613401005925,0.4876980266638234,20.73
10185257,HIP 51933,G0V,2.89,1.2945497792205634,0.16850858890349654,25.08
10185257,HIP 52369,G2/3V,0.99,1.0231426938254835,0.6022679333004115,23.83
10185257,HIP 52462,K1V,0.39,0.8293282867541883,0.2819632953812345,21.4
10185257,HIP 53486,K0,0.37,0.86472068157253,0.5135514103764497,17.3
10185257,HIP 53721,G0V,1.71,1.1267155710948051,0.4556918616992061,14.06
10185257,HIP 54035,M2.0V,0.02,0.48391923615776944,0.8531219624211542,2.54
10185257,HIP 54211,M1.0V,0.02,0.49369348946945163,0.27856038667677907,4.86
10185257,HIP 54400,G1/2V,1.48,1.1613822378847098,0.4546739718965196,25.65
10185257,HIP 54541,G5,0.74,0.9534912829769151,0.24808611219681728,30.0
10185257,HIP 54646,K8V,0.13,0.6505699198713322,0.33312850052678944,11.87
10185257,HIP 54704,G8/K0V,0.72,1.0388785473254754,0.5757803208698956,22.14
10185257,HIP 54745,G0V,1.17,1.037005898179845,0.5928769254213517,21.93
10185257,HIP 54906,K1V,0.36,0.8742069358598278,0.24917997664127983,21.11
10185257,HIP 54952 A,K5,0.23,0.7521460468297957,0.42996195113407915,14.65
10185257,HIP 55013,G5V,0.78,1.014051522637562,0.3724988949377062,27.5
10185257,HIP 55210,G8V,0.55,0.9370036260152824,0.4712560967848269,21.57
10185257,HIP 55454 A,K4/5V,0.13,0.617655181563838,0.20434665705668617,13.16
10185257,HIP 55691 A,K5/M0V,0.3,0.8123919133564319,0.662802135988182,13.71
10185257,HIP 55846,G6/8III/IV,0.76,0.983561763114371,0.697792713309677,17.75
10185257,HIP 55848,K2/4,0.34,0.7853414757859013,0.4168428501943677,17.96
10185257,HIP 56445,F6V,3.16,1.3531591383868764,0.1267907290357799,27.23
10185257,HIP 56452,K0V,0.62,0.918943127308073,0.7918692803677916,9.56
10185257,HIP 56809 A,G0V,1.24,1.1353756964023707,0.554620232650773,23.25
10185257,HIP 56829,K5V,0.27,0.7960424472011249,0.14702062638871105,19.92
10185257,HIP 56997,G8Vvar,0.65,1.029443028219107,0.7875122468413227,9.61
10185257,HIP 56998,K4/5V,0.16,0.688744608232433,0.4108454964207508,12.4
10185257,HIP 57443,G3/5V,0.86,0.9884283210108136,0.7604123513764346,9.22
10185257,HIP 57507,G5V,0.73,0.9972042799415294,0.7013484942248489,17.47
10185257,HIP 57757,F9V,3.79,1.3716773311319026,0.13159973722862997,10.93
10185257,HIP 57939,G8Vp,0.23,0.803284733604229,0.8085038671908698,9.09
10185257,HIP 58345,K4V,0.25,0.7082143124000285,0.7823958169844136,10.16
10185257,HIP 58451,K2V,0.34,0.8917838684840619,0.21645869974703538,21.07
10185257,HIP 58576,G8IV,0.93,1.0423771704003735,0.7318847681632046,12.76
10185257,HIP 58910,F0Ib-II,0.03,0.5962677340915845,0.3749622574774261,5.52
10185257,HIP 59199,F0IV/V,4.56,1.339860383696073,0.10002061238584967,14.94
10185257,HIP 59272,G0...,0.84,0.9753034692867313,0.6155022118384611,22.22
10185257,HIP 59280,K0V,0.62,0.8820837519149731,0.3850750543623352,24.53
10185257,HIP 59707,K0/1V+(G),0.83,0.9892294647308045,0.3315335304149473,29.32
10185257,HIP 59750,F6V,1.56,1.1501716553790784,0.45817437097339164,22.35
10185257,HIP 60074,G2V,1.03,1.0203571843220536,0.4961409722399889,27.46
10185257,HIP 60353,F8V,2.02,1.1640038893618512,0.2861209917281443,29.92
10185257,HIP 60370,G3IV/V,1.21,1.1164593960956042,0.5330536814044537,25.49
10185257,HIP 60729,G3/5V,2.02,1.1354539998144821,0.31079528256040984,26.61
10185257,HIP 60816,G1V,1.58,1.189422439908881,0.3795793222971762,29.83
10185257,HIP 61053,F9V,1.38,1.1013983982394528,0.5203750136670354,21.78
10185257,HIP 61099,K0,0.47,0.901687581892472,0.1673106524164407,25.82
10185257,HIP 61100,K2V,0.44,0.8046073112733431,0.16187167316669365,25.1
10185257,HIP 61291,K1V,0.38,0.840442612781896,0.6086700863602179,16.18
10185257,HIP 61317,G0V,1.27,1.1177567207113397,0.6331828754747577,8.44
10185257,HIP 61451,K4V,0.44,0.8093015346966421,0.35324769766944086,21.43
10185257,HIP 61901,K2,0.21,0.7319610054046161,0.41321411703300553,14.18
10185257,HIP 62107,G5V,0.67,1.007318690612168,0.3022446993622013,27.31
10185257,HIP 62145,K3V,0.38,0.8761135515822764,0.6797322412374336,14.88
10185257,HIP 62207,G0V,1.12,1.1068423892490211,0.6518379814691215,17.38
10185257,HIP 62229,K3V,0.34,0.8448914724534017,0.25010171137499604,20.5
10185257,HIP 62523,G7V,0.81,1.0383485433108923,0.7082489860042552,16.93
10185257,HIP 62534,G8V,0.74,0.9597363814079902,0.2729840166378641,29.34
10185257,HIP 62687,M0V,0.11,0.620815937057569,0.3749616790149091,10.57
10185257,HIP 63618,K4V,0.25,0.7376768155361401,0.23397134481870802,17.81
10185257,HIP 64394,G0V,1.48,1.1959376894511802,0.5483435736062334,9.13
10185257,HIP 64457,K1V,0.42,0.9296651651862516,0.38008269838246955,20.5
10185257,HIP 64475,K1IV/V,0.45,0.836829732790664,0.1014760973658893,26.82
10185257,HIP 64532,G1V,1.07,1.0798757690757605,0.5669611564997245,25.3
10185257,HIP 64550,G2V,0.92,1.0214578732361135,0.5726476538083926,24.42
10185257,HIP 64583,F5V,3.13,1.2212588956377226,0.15941217296698915,18.2
10185257,HIP 64690,G3/5V,0.81,0.9403062715313549,0.5156439488450221,24.57
10185257,HIP 64792,G0Vs,2.29,1.2012043141631248,0.29807292902963506,17.56
10185257,HIP 64797 A,K2V,0.32,0.8745448897208231,0.7829722611302186,11.07
10185257,HIP 64924,G5V,0.87,1.0306929449417817,0.7619578452307134,8.56
10185257,HIP 65352,G8/K0V,0.36,0.8207137202659726,0.6313920026512708,15.45
10185257,HIP 65355,G8/K0V,0.33,0.8160170865927514,0.5315120590535515,16.14
10185257,HIP 65515,G9IV-V,0.56,0.9165455899422609,0.4797513043272774,21.59
10185257,HIP 65530,G6V,1.06,0.9800214972844163,0.6385165653268388,21.17
10185257,HIP 65721,G5V,3.17,1.3564825243627596,0.1559343857487108,17.99
10185257,HIP 65859,M1V,0.04,0.5461151211418388,0.1480829421668787,7.66
10185257,HIP 66147,K0,0.29,0.857955732823229,0.2411804813655783,19.07
10185257,HIP 66704,F7.7V,1.65,1.194205273896205,0.40956767021234763,25.33
10185257,HIP 66765,K1V,0.43,0.9042126285572952,0.6803265849280822,15.65
10185257,HIP 66781,K0IV-V,0.48,0.8998330192894801,0.23527344463285998,24.64
10185257,HIP 67155,M1.0V,0.04,0.5593902460358576,0.5876615713936273,5.41
10185257,HIP 67275,F7V,3.35,1.3022362788308928,0.14719345625298985,15.62
10185257,HIP 67408 A,G0V,1.82,1.2141437735101808,0.3319079838922832,29.47
10185257,HIP 67422 A,K2,0.38,0.8241190216046629,0.7348992227068393,13.41
10185257,HIP 67487,K4/5V,0.18,0.728133312867909,0.30308238322710646,14.3
10185257,HIP 67742,K3V,0.35,0.7877360427189624,0.4967155697361508,17.08
10185257,HIP 68030,F6V,1.84,1.1857261621015383,0.3640514790975882,24.86
10185257,HIP 68184,K3V,0.33,0.8616759122714639,0.8089426216596044,10.06
10185257,HIP 68634,G5,1.0,1.0204074369224796,0.5123918711912281,26.83
10185257,HIP 69090,G2/3IV,2.82,1.3163448577811176,0.16271867734663037,28.5
10185257,HIP 69357,K1V,0.38,0.8353081175978317,0.15872330842129798,23.39
10185257,HIP 69414,G8/K0V,0.7,0.9233777082829838,0.567170745686095,22.05
10185257,HIP 69526,K5,0.24,0.7207100053123674,0.235390973330463,17.43
10185257,HIP 69671,G1V,1.2,1.0906085578287295,0.58894723911244,21.22
10185257,HIP 69965,F7(W)F3V,1.27,1.149549804322823,0.5879422058217019,18.03
10185257,HIP 69972,K3V,0.39,0.8839077189237243,0.7801890484698213,11.8
10185257,HIP 70016,K1V,0.42,0.8804303357770089,0.35751117716987996,20.88
10185257,HIP 70218,K5V,0.14,0.6591685802185828,0.14655393895593893,14.35
10185257,HIP 70319,G5V,0.86,0.9538845013864339,0.7027663682356555,17.19
10185257,HIP 70497,F7V,4.42,1.426823428334733,0.10443038011942218,14.53
10185257,HIP 70857,G5,0.71,0.9017686211224094,0.6479836437093474,19.89
10185257,HIP 70873,G5V,1.48,1.1863629862684169,0.4718797872284798,23.74
10185257,HIP 71181,K3V,0.27,0.8068487941565013,0.6519123983961569,13.22
10185257,HIP 71192,F5,1.75,1.0963058980638736,0.3468748238862317,29.53
10185257,HIP 71251,F7V,1.94,1.193861243927598,0.30757109383529,29.3
10185257,HIP 71284,F3Vwvar,3.42,1.4035886370309378,0.14249364438178766,15.83
10185257,HIP 71395,K0,0.32,0.8111281368565731,0.4859613230091912,16.5
10185257,HIP 71530,F7V,2.61,1.2473355109453836,0.1961510916221818,27.89
10185257,HIP 71681,K0V,0.52,0.8644712325915432,0.8423369165755128,1.34
10185257,HIP 71683,G2.0V,1.61,1.1342991000480838,0.5133428163598976,1.34
10185257,HIP 71735,G5/6V,0.73,0.9939844875007565,0.38032122359814335,26.52
10185257,HIP 71743,G6V,0.68,0.9293194188494838,0.4733406403251598,23.68
10185257,HIP 71855,G5V,0.75,1.0353099627855802,0.6533190697086816,20.0
10185257,HIP 72146,K0,0.29,0.8230164821871713,0.25225283664011844,18.9
10185257,HIP 72200,K2V,0.42,0.9021521338728242,0.13252797938449612,25.17
10185257,HIP 72312,K1V,0.31,0.8637927988382419,0.26320258585049056,19.37
10185257,HIP 72493 A,K0V,0.81,1.0206502910335027,0.49970470843101406,24.93
10185257,HIP 72634 A,K0...,0.86,1.0107409076158305,0.344207493374858,29.44
10185257,HIP 72659 A,G7.0V,0.65,0.8934337470650779,0.8032185458063504,6.78
10185257,HIP 72688,K3V,0.26,0.7856653201327664,0.3147229769406643,17.03
10185257,HIP 72848,K2V,0.54,0.8877833083589332,0.7845552013025686,11.51
10185257,HIP 73005,K1V,0.43,0.9401072313279285,0.23224497952722428,23.39
10185257,HIP 73100,F7V,3.04,1.2488703779770205,0.14848092955969466,25.11
10185257,HIP 73547,G6V,0.56,0.8865152207874297,0.2218209649835506,26.88
10185257,HIP 73941,F8V,2.22,1.2955048265503943,0.24908907166080088,29.83
10185257,HIP 74273,G2V,1.59,1.1167496381586879,0.43535797230848633,24.2
10185257,HIP 74432,G5V,1.45,1.1502817661388012,0.4450696218705959,27.24
10185257,HIP 74500,G5V,1.63,1.0768085174558844,0.4075369346966031,26.21
10185257,HIP 74653,G5IV,1.18,1.112015794675317,0.5210824064824532,26.5
10185257,HIP 74702,K0V,0.43,0.8311421961385357,0.6723377932295517,15.85
10185257,HIP 75181,G3/5V,1.09,1.0522648052670198,0.6817706206725854,14.81
10185257,HIP 75253,K2V,0.35,0.8075700364393693,0.17631415125775948,22.11
10185257,HIP 75277,K0,0.52,0.9847807370305927,0.5529609133724472,19.6
10185257,HIP 75363,G8/K0V,0.77,0.990374006084482,0.323568238519967,28.56
10185257,HIP 75809,G8IV-V+...,1.01,1.0528228452567052,0.6393724596947787,21.85
10185257,HIP 75829,G5,0.55,0.8645174903913443,0.4745166096578504,21.51
10185257,HIP 76074,M2.5V,0.03,0.4698465642781972,0.28327427894322255,5.93
10185257,HIP 76233,G3V,1.42,1.1946384498248022,0.473127450487052,25.56
10185257,HIP 76375,K3V,0.47,0.8817229745850169,0.33914779043836113,22.38
10185257,HIP 76602,F6IV-V,1.23,1.098717888690532,0.5437287363509031,24.4
10185257,HIP 76603,F5/8,1.72,1.1328424653240188,0.38066953075023063,26.62
10185257,HIP 76829,F3/5V,3.58,1.426153441959663,0.13062379240809327,17.44
10185257,HIP 77257,G0Vvar,2.22,1.2670517264865844,0.3287289267837775,12.12
10185257,HIP 77358,G6IV,0.87,1.0459127133850092,0.7192165672061139,15.35
10185257,HIP 77408,K0V,0.48,0.8740279394390573,0.4116494472584353,21.29
10185257,HIP 77760,F9V,3.26,1.383138294204436,0.1530486422786565,15.89
10185257,HIP 77801,G0IV,1.0,0.9867152014751877,0.6908217286529248,17.35
10185257,HIP 78072,F6V,3.13,1.3770013137518728,0.17356366667677195,11.25
10185257,HIP 78170,K4V,0.19,0.703694763296704,0.2997779845673943,14.73
10185257,HIP 78217,G5,1.01,1.0015868450248502,0.4115127645389602,29.59
10185257,HIP 78241,K0V,0.43,0.8535821944354993,0.10097162241410247,26.23
10185257,HIP 78459,G2V,1.83,1.235052879236097,0.40845200422393196,17.24
10185257,HIP 78738,K1(V),0.65,0.917050289097974,0.37612857023640167,25.26
10185257,HIP 78739,K2V,0.33,0.8842746308563285,0.11849947970632316,22.6
10185257,HIP 78775,G8V,0.46,0.838934198731742,0.7289322677788393,14.52
10185257,HIP 78843,K3/4V,0.49,0.9164028386700088,0.5755558891525346,18.71
10185257,HIP 78955,G5V,1.96,1.2687981875240026,0.32033413690786394,27.11
10185257,HIP 79143,G8V,0.8,1.048304163092423,0.4573416842683314,25.77
10185257,HIP 79190,K1/2V,0.33,0.8710734756410474,0.6423837945975213,14.67
10185257,HIP 79248,K0V,0.7,0.9630819745616346,0.6979566463834942,17.57
10185257,HIP 79537,G8/K0V(W),0.21,0.8216645901110288,0.44010173461480345,13.89
10185257,HIP 79578,G1V,1.01,1.1226901108179628,0.6438443117524028,21.55
10185257,HIP 79607 A,F8V,2.19,1.1766642648281922,0.305066158185231,21.08
10185257,HIP 79672,G5V,1.11,1.0164560150670787,0.6788889973955056,13.9
10185257,HIP 79755,M0Vvar,0.1,0.6482737593222393,0.299332944993109,10.69
10185257,HIP 79777,G6V,0.7,0.9850652080149879,0.27080267567569977,28.65
10185257,HIP 80218,G8/K0V,0.84,1.048088739025492,0.40558504737901263,27.57
10185257,HIP 80337,G3/5V,1.03,1.0824657836737612,0.7158813475454489,12.78
10185257,HIP 80686,G0V,1.41,1.102884346838709,0.5648958843903228,12.12
10185257,HIP 80902,G0,1.11,1.1132219568509854,0.4763076092532043,28.22
10185257,HIP 81300,K1V,0.47,0.9620055219445016,0.8087245532398495,9.75
10185257,HIP 81375,K0V,0.6,0.9696034921115705,0.5837006173762382,20.33
10185257,HIP 81520,G3V,0.71,0.9912199720311673,0.5539648856542994,22.45
10185257,HIP 81681,G5V,1.04,1.0924858911095663,0.4196404905088071,29.57
10185257,HIP 81746,G3V,1.0,1.083984763014083,0.5198995790168315,26.64
10185257,HIP 81800,F8V,1.95,1.1155439220660628,0.30523839169706896,29.33
10185257,HIP 81813,K1V,0.59,0.993909546281809,0.33508531867549707,25.02
10185257,HIP 82003,K7V,0.11,0.659235339019054,0.4719592782326009,9.81
10185257,HIP 82588,K1V,0.63,0.9368419301487131,0.6967415614952601,17.25
10185257,HIP 82860,F6Vvar,2.26,1.2492287868114662,0.31169443905603667,15.26
10185257,HIP 83006,K0,0.25,0.8279500655787202,0.23466103128347754,17.8
10185257,HIP 83020 A,K0,0.29,0.793040817743925,0.2927017841187139,18.3
10185257,HIP 83101 A,K3/4V,0.24,0.7816959917912101,0.12773157316977196,19.11
10185257,HIP 83276,G2V,0.96,1.0704992681767154,0.4735817520915812,27.38
10185257,HIP 83389,G8V,0.65,1.0040636399792555,0.6683255443775575,18.59
10185257,HIP 83541,K1V,0.72,0.9338268964534991,0.6944652231324023,17.84
10185257,HIP 83591,K4/5V,0.16,0.7073263271449123,0.6006996351893894,10.71
10185257,HIP 83601,F8V,1.51,1.1990657844461077,0.48544825977353206,20.67
10185257,HIP 83846,K3V,0.44,0.8326487286858737,0.1254188725260534,25.93
10185257,HIP 83990,K2V,0.23,0.7806112336652657,0.5238750888362533,13.62
10185257,HIP 84140 A,M3.0V,0.03,0.46537022449414767,0.18967775254235963,6.4
10185257,HIP 84195,K0,0.33,0.8299583693191841,0.20476117091581258,20.96
10185257,HIP 84405 B,K1.5V,0.69,0.9073560960200224,0.8001079497596698,5.95
10185257,HIP 84478,K5.0V,0.16,0.6977260601947383,0.8738582856949385,5.95
10185257,HIP 84616,K2,0.26,0.8047931397304512,0.22276572183888882,18.33
10185257,HIP 84709,M1.5V,0.13,0.7468626555501928,0.8254335331806132,6.84
10185257,HIP 84720 A,M0V,0.52,0.8484162929091099,0.8107978624622891,8.8
10185257,HIP 84862,G0V,1.3,1.1492839194989357,0.5979335983679318,14.33
10185257,HIP 84893,F2/3V,4.42,1.364698775239503,0.1000473993080205,17.36
10185257,HIP 84988,G2V,1.12,1.0230980874094138,0.4837338437992115,28.03
10185257,HIP 85007,F8V,1.35,1.104548747464588,0.43076231255676883,29.31
10185257,HIP 85235,K0V,0.44,0.8419031138397358,0.7657540537288953,12.8
10185257,HIP 85268,G0,1.75,1.1285005351273292,0.3661000730625486,27.46
10185257,HIP 85295,M1V,0.12,0.6822215788097663,0.7590214978087332,7.7
10185257,HIP 85523,M2.5V,0.02,0.4525787409585971,0.3655604589212512,4.54
10185257,HIP 85653,G5,0.63,0.9931433742283842,0.5048575356733048,22.27
10185257,HIP 85810,G5V,1.27,1.034813759785134,0.537273798506054,23.92
10185257,HIP 86162,M3.0V,0.02,0.4994813307380656,0.3655604589212512,4.54
10185257,HIP 86400,K2V,0.34,0.8210485245385263,0.7897311168854184,11.0
10185257,HIP 86620,G0V,2.19,1.1742555711029068,0.295686888802863,23.06
10185257,HIP 86722,K0V,0.52,0.8724070149784068,0.38269698472683294,22.65
10185257,HIP 86796,G3IV/V,2.01,1.244244640058739,0.368204775710454,15.51
10185257,HIP 88194,G2V,1.09,1.0054214032349515,0.47005254301912264,28.36
10185257,HIP 88348,K0V,0.76,1.0113727164156536,0.5954182957571057,22.12
10185257,HIP 88574,K4/5V,0.04,0.5052838025821406,0.13361091704029415,7.76
10185257,HIP 88601 A,K0V,0.68,1.009679746439454,0.8047020520552819,5.1
10185257,HIP 88622,G2V,0.98,1.0550870462498303,0.5990621291173618,23.91
10185257,HIP 88694,G3V,1.15,1.0223182131674673,0.6385476166327755,17.55
10185257,HIP 88945,G0,1.02,1.0450178217355357,0.5817458077765107,24.82
10185257,HIP 88972,K2V,0.36,0.8548195516727422,0.7926855932053968,11.02
10185257,HIP 89042,G1V,1.78,1.218787094027672,0.4207105992764839,17.61
10185257,HIP 89211,M0V,0.13,0.6804525680930529,0.20985091735136202,13.1
10185257,HIP 89474,G2V,1.41,1.1034343562035338,0.5018337998838709,22.82
10185257,HIP 89805,G0/1V,1.6,1.1680684624673197,0.44119441668932213,23.05
10185257,HIP 90223,G1/2V,1.87,1.248635455034243,0.33122701686348704,28.28
10185257,HIP 90355,G7V,0.59,0.883770895857972,0.1683770286132349,28.89
10185257,HIP 90656,K4V,0.27,0.8128129490843136,0.22663113462044573,18.62
10185257,HIP 90790,K1V,0.35,0.8649166801184415,0.7261117622494967,13.25
10185257,HIP 90864,G8V,0.83,0.9733417765172564,0.46558796345897885,25.98
10185257,HIP 91009,K7Vvar,0.28,0.7407371387600344,0.41472809871285304,16.35
10185257,HIP 91768,M3.0V,0.01,0.45371592477164896,0.2485926342074421,3.52
10185257,HIP 91772,M3.5V,0.01,0.41050270704289243,0.2485926342074421,3.52
10185257,HIP 91949,K0,0.68,0.908182150171387,0.3364500636746351,26.69
10185257,HIP 92270,F8V,2.39,1.2933491206329224,0.22659983288747074,28.75
10185257,HIP 92283,K0,0.24,0.7366743291981521,0.27673383375028965,16.86
10185257,HIP 92569,G5/6V,0.74,0.9550327061882412,0.30886940116000805,28.42
10185257,HIP 92858,K1V,0.4,0.8533604531252174,0.14869294472991398,24.21
10185257,HIP 92919,K0V,0.31,0.8246066192412879,0.14463806398516812,21.39
10185257,HIP 92984,G1V,1.28,1.1734607957347516,0.49874910877890144,26.5
10185257,HIP 93069 A,M2V,0.12,0.6638679112887093,0.2388735229482625,12.29
10185257,HIP 93185,G0,0.97,0.9955833210011863,0.5991590041689914,23.84
10185257,HIP 93509,G2V,1.2,1.066730644813638,0.5028618219646647,27.17
10185257,HIP 93858,G8V,0.94,0.9594781724610965,0.6992442729705709,16.95
10185257,HIP 93926,G8VSB,0.63,0.9070197876571678,0.24196534787272425,27.96
10185257,HIP 93966,G5V,1.58,1.1979759156889702,0.4584322016599836,21.43
10185257,HIP 94020 A,K0V,0.55,0.9732774399686647,0.13379689667882957,28.77
10185257,HIP 94346,G8V,0.6,0.9011485049192822,0.5997223130235899,20.02
10185257,HIP 94645,F8V,2.1,1.149867735456238,0.2878220208121036,27.55
10185257,HIP 94650,K0,0.44,0.9017658256147436,0.11142591294701264,26.27
10185257,HIP 94757,G2V,1.31,1.123678458729107,0.42876954049448573,29.58
10185257,HIP 94761,M2.5V,0.03,0.494814168139257,0.30045534727974954,5.85
10185257,HIP 95149,G1/2V,0.82,1.0506821902330699,0.6823811909888348,18.83
10185257,HIP 95319,G8V,0.7,1.0261849291266347,0.7263966021002225,15.76
10185257,HIP 95447,G8IVvar,1.84,1.1666701683081697,0.41387889176314135,15.18
10185257,HIP 95492,F7V,2.19,1.2702605958158995,0.2711676734048111,27.39
10185257,HIP 96085,K2V,0.33,0.8326931072434768,0.4218079256331064,17.63
10185257,HIP 96100,G9.0V,0.44,0.8705990670153773,0.8434497535712138,5.75
10185257,HIP 96124,K0+F/G,0.96,0.9786935890586815,0.479473631970657,27.23
10185257,HIP 96183,G5V,0.71,0.9477430951630215,0.6289784038186279,20.56
10185257,HIP 96258,F7V,2.82,1.3320722071530862,0.17818606769488726,25.11
10185257,HIP 96395,G0,1.06,1.1253977044520163,0.5933692768767633,24.11
10185257,HIP 96895,G2V,1.7,1.155047520333264,0.4253164493605599,21.08
10185257,HIP 96901,G5V,1.39,1.0663544335468254,0.5214497365870346,21.21
10185257,HIP 97295,F5,3.84,1.2985762929600742,0.11074192962956246,21.23
10185257,HIP 97420,G2III,1.1,1.13337037031695,0.5404856456754906,26.24
10185257,HIP 97438,G0,1.49,1.1265283182649053,0.4289393464979404,27.71
10185257,HIP 97640,G5,0.54,0.9045039296921441,0.13758179701067558,28.41
10185257,HIP 97675,F8V,2.88,1.331373174151413,0.19054410886976586,19.19
10185257,HIP 97767,G0V,2.22,1.1466615737862398,0.2701778732665929,26.62
10185257,HIP 97944,K3/4V,0.8,0.9800627730472861,0.7367608509298958,14.05
10185257,HIP 98192,K1V,0.51,0.9467301960071477,0.1749723006938761,26.72
10185257,HIP 98470,F7V,2.13,1.2298831568594562,0.3171393923167066,21.25
10185257,HIP 98505,G5,0.34,0.878199076529042,0.3162648160323559,19.45
10185257,HIP 98677,G7V,0.49,0.8665448215941849,0.559586492653863,18.97
10185257,HIP 98698,K3/4V,0.23,0.8145379508889399,0.5959983908846572,12.86
10185257,HIP 98767,G6IV+...,1.2,1.0672467933054899,0.6297219734586871,15.86
10185257,HIP 98792,K1V,0.33,0.8729910020725048,0.5597990575377395,15.77
10185257,HIP 98813,G1V,1.17,1.0736077093929282,0.49548967462340154,27.64
10185257,HIP 98819,G1V,1.35,1.1242912613900922,0.5595041845838229,17.77
10185257,HIP 98828,K3V,0.39,0.8631162313237034,0.2504219690375366,21.95
10185257,HIP 98921,G5IV,1.08,0.9932401291643848,0.6558845722175055,18.79
10185257,HIP 98959,G3V,1.06,1.1065014560422763,0.6719226547566902,17.73
10185257,HIP 99137,F8/G0V,1.51,1.1251569851606191,0.46521008939457514,23.43
10185257,HIP 99240,G8.0IV,1.33,1.1690437773661633,0.6137303148114875,6.11
10185257,HIP 99316 A,K0...,0.53,0.912528825076293,0.3413706297825741,23.66
10185257,HIP 99452,K1V,0.5,0.8628334707721942,0.485911149175402,20.39
10185257,HIP 99461,K2.5V,0.28,0.8570069958180536,0.8679208836869726,6.01
10185257,HIP 99572,F5V,3.06,1.229032705481251,0.13539595331253595,27.7
10185257,HIP 99701,M0.0V,0.07,0.5431928135290941,0.7274757131894531,6.2
10185257,HIP 99711,K1/2V,0.32,0.8843062547604017,0.2863634295822491,19.32
10185257,HIP 99825,K3V,0.42,0.9197992063387903,0.8222955384138562,8.91
10185257,HIP 100017,G3V,1.18,1.042966638106338,0.6264137309979363,17.57
10185257,HIP 100511,F8V,2.07,1.2779328777809549,0.30256713869113055,26.25
10185257,HIP 100925,G6/8V,0.81,0.9626661725152232,0.6702809733934524,19.52
10185257,HIP 100963,G5,1.04,1.0566080115043683,0.4688771622162506,28.23
10185257,HIP 101875,G0,1.31,1.112935792150069,0.4805443354047653,27.16
10185257,HIP 101997,G8/K0V,0.56,0.9292332962103348,0.7458820358871124,14.38
10185257,HIP 102040,G5V,1.05,1.0457519798647907,0.6439285953157625,20.95
10185257,HIP 102264,G3/5V,0.76,0.9637775589125654,0.5885853485636882,22.31
10185257,HIP 102409,M1VE,0.09,0.5908911459737511,0.32877887488800683,9.91
10185257,HIP 102485,F5V,4.06,1.4831859066187634,0.11565692857174124,14.68
10185257,HIP 103096,M2V,0.06,0.5352625889485284,0.5074499639764156,7.05
10185257,HIP 103389,F7V,2.21,1.166781112255725,0.2968442617273228,21.97
10185257,HIP 103458,G0V,1.08,0.9968561625995656,0.6203743072810236,22.14
10185257,HIP 103673,F5/6V,3.36,1.3163239068746322,0.11021442435798158,28.01
10185257,HIP 103682,G5/6V,2.2,1.1886916106925713,0.27026857013359734,27.23
10185257,HIP 103859,K2,0.36,0.8172676655975818,0.3506973746347004,19.47
10185257,HIP 104092,K5,0.18,0.7479509561719674,0.23822841997075522,15.06
10185257,HIP 104214,K5.0V,0.13,0.6764280689764668,0.9171512226968481,3.5
10185257,HIP 104217,K7.0V,0.1,0.6219327991292865,0.9201410022961254,3.5
10185257,HIP 104239 A,K1V,0.44,0.883322516367113,0.5915423018626507,17.57
10185257,HIP 104436,G3V,0.83,0.991067176868291,0.5593028489308391,23.84
10185257,HIP 104733,G0,0.77,1.0115608781580518,0.38964777383829535,26.93
10185257,HIP 104809,G3/5V,0.92,1.033984751957867,0.3652377070696749,29.73
10185257,HIP 105038,K2,0.23,0.8231859677328346,0.28554034783176657,16.39
10185257,HIP 105090,K9.0V,0.08,0.6401306456632176,0.9026573878670777,3.95
10185257,HIP 105152,K4/5V,0.26,0.7541865316031081,0.1316206350384394,19.82
10185257,HIP 105184,G2V,1.06,1.0897901870845907,0.587272807440552,24.42
10185257,HIP 105406,F8V,1.82,1.1994544544704522,0.3530224783465771,27.01
10185257,HIP 105712,G5V,0.64,0.9966271676318398,0.6057505150486464,20.42
10185257,HIP 105766,G5,0.8,0.9431684855208671,0.4300951251748914,26.41
10185257,HIP 105858,F7V,1.54,1.2092620373473255,0.5264000420735284,9.26
10185257,HIP 105911,K1IV,0.59,0.8926304581874038,0.40806707042794355,23.51
10185257,HIP 106122,G8V,0.56,0.9833779464103881,0.13116041098603504,29.1
10185257,HIP 106407,K2,0.64,0.9330066871951579,0.21600992085693682,28.82
10185257,HIP 106440,M1.5V,0.03,0.5192610520454644,0.5166291765587968,4.95
10185257,HIP 106559,F5V,3.27,1.3190173944594976,0.11904623110500086,27.1
10185257,HIP 106696,K2V,0.32,0.7984242083061391,0.6320227901779949,14.62
10185257,HIP 106913,G2V,1.18,1.1179906285748071,0.5376948706506103,25.65
10185257,HIP 107022,G8V,0.7,0.9250182599783047,0.5686760043210757,22.02
10185257,HIP 107070,G8V,0.71,0.9129966671760726,0.34825732397222736,26.94
10185257,HIP 107350,G0V,1.18,1.0981010511059281,0.6240907342218305,17.89
10185257,HIP 107649,G0V,1.35,1.1011450080095166,0.569901982530208,15.99
10185257,HIP 107920 A,G5,0.62,0.8991038281896533,0.17879572388209908,29.33
10185257,HIP 108156,K0,0.35,0.8854590274306215,0.30179199413245433,19.96
10185257,HIP 108490,F8V-VI,1.21,1.1022223580192723,0.45936319975007206,28.75
10185257,HIP 108870,K4V,0.23,0.7475633689276485,0.8963840652486269,3.62
10185257,HIP 109176,F5V,3.63,1.3298488711838299,0.13808179844621357,11.73
10185257,HIP 109245,F7/8V,1.67,1.1829567634816494,0.3612631802198657,29.8
10185257,HIP 109378,G8/K0V,1.07,1.0551742376615973,0.6308327833405595,21.56
10185257,HIP 109422,F6V,3.04,1.2784862891708773,0.17053647919455836,18.28
10185257,HIP 109527,K0,0.66,0.9941959166781212,0.49645058428289207,22.9
10185257,HIP 109821,G5V,1.42,1.1805745011524866,0.5048399927119961,22.05
10185257,HIP 109926,K1V,0.47,0.9331100800176316,0.38552959725218894,21.54
10185257,HIP 110109,G3V,1.23,1.0243686335634374,0.6289932091128357,13.79
10185257,HIP 110649,G3IV,2.91,1.3373142939852987,0.1820034915354759,20.56
10185257,HIP 110996,K4V,0.29,0.7908758412766903,0.4596082800951415,16.06
10185257,HIP 111449,F7V,3.62,1.3773209255785093,0.11586450812000085,22.68
10185257,HIP 111802,M0VEP,0.07,0.56538251983783,0.33610276010457446,8.69
10185257,HIP 111960,K4/5V,0.2,0.7234780107818596,0.4406071708742945,13.55
10185257,HIP 111977,G5,0.82,0.9836531349194823,0.32519729723830176,29.33
10185257,HIP 111978,G8/K0V,0.8,1.0107729533567897,0.38248223118042185,27.56
10185257,HIP 112117,G0V,1.97,1.2662011744643848,0.3406813470622214,23.64
10185257,HIP 112190,K3V,0.3,0.7707449303348813,0.11991061642817999,21.52
10185257,HIP 112245,G8V,0.61,0.949965524576354,0.34770897199211465,25.14
10185257,HIP 112426,K0,0.62,0.9072031707095058,0.16587104126366606,29.67
10185257,HIP 112491,G6V,0.69,0.9695691398200708,0.28644790894083955,28.07
10185257,HIP 112527,K2,0.4,0.8336163444746006,0.40193997807410364,19.67
10185257,HIP 112763,K0V,0.59,0.9850154547189941,0.20116419202404265,28.07
10185257,HIP 113020,M2.5V,0.02,0.40775394198638354,0.3319727607852799,4.66
10185257,HIP 113137,G2/3IV,2.44,1.2651082554293889,0.22962817486717907,26.75
10185257,HIP 113283,K4VP,0.2,0.7324913312110463,0.8411848902343125,7.61
10185257,HIP 113296,M1.5V,0.06,0.5663253446776626,0.5485550749503166,6.83
10185257,HIP 113357,G5V,1.45,1.0974808186929423,0.5350824115412156,15.61
10185257,HIP 113421,G8IV/V,1.24,1.044682186389964,0.585820207068538,19.86
10185257,HIP 113576,K5/M0V,0.1,0.6387504295941588,0.6383193706379676,8.22
10185257,HIP 113718,K3V,0.33,0.8153233390694758,0.4644670063958301,17.04
10185257,HIP 113829,G5V,1.18,1.0589082141972528,0.5534653740016113,24.72
10185257,HIP 113884,G0V,0.8,1.0250459563256615,0.44492258099213206,26.06
10185257,HIP 113896,F8V,1.62,1.1995485611075214,0.3771789351033045,29.39
10185257,HIP 113989,G6V,0.82,0.9694020680851705,0.3172618668991971,29.54
10185257,HIP 114046,M1.0V,0.04,0.5438111553686098,0.8791815879884903,3.28
10185257,HIP 114096,F7V,1.81,1.2468091518087354,0.34765933899422985,27.95
10185257,HIP 114361,K5V,0.18,0.7248319481604764,0.24479684297630308,14.98
10185257,HIP 114378,G0V,1.34,1.1116605233595849,0.5050568226069712,24.83
10185257,HIP 114379,K0Ve,0.41,0.8689368088883136,0.18866376641587543,23.68
10185257,HIP 114385,G5,0.77,0.9800323571097921,0.4738367054725063,24.98
10185257,HIP 114430,F5IV,2.87,1.2916141186982273,0.1600424493497643,27.65
10185257,HIP 114456,K0,0.9,1.0828905352028542,0.5703734020419471,24.3
10185257,HIP 114622,K3.0V,0.31,0.8307170792777159,0.8586578722933594,6.54
10185257,HIP 114699,G8V,3.03,1.2491650387264444,0.13158552451261668,29.35
10185257,HIP 114886,K2V,0.37,0.9014790295600167,0.11451291652255315,24.02
10185257,HIP 114924,F7V,2.15,1.2787218637493651,0.31618856315044686,20.5
10185257,HIP 114948,F8V,2.0,1.2785747374293643,0.35009511635996976,20.54
10185257,HIP 115147,G9V,0.38,0.9023847800020003,0.40113799568864333,19.2
10185257,HIP 115331,K1V,0.53,0.9632942692741708,0.4540126951288082,21.52
10185257,HIP 115341,K2,0.28,0.7988510630202462,0.13636415939159463,20.48
10185257,HIP 115445,K2V,0.3,0.8073755871782152,0.2589543583954038,19.12
10185257,HIP 116085,K2V,0.58,0.8859380047583486,0.6952028912812023,16.93
10185257,HIP 116106,F7V,1.5,1.1128168501891758,0.44428840947400633,26.12
10185257,HIP 116215,K5/M0V,0.15,0.675604826952135,0.12396450741442532,15.16
10185257,HIP 116416,G5,0.4,0.8572131996130784,0.1677858882353298,23.81
10185257,HIP 116613,G5,1.13,1.027910795212899,0.5887293061052482,23.33
10185257,HIP 116745,K4V,0.24,0.7594007662371275,0.7192410178138123,11.42
10185257,HIP 116763,K1V,0.46,0.8911432489207574,0.5507300047915344,18.57
10185257,HIP 116771,F7V,3.7,1.3671970125571964,0.13178556331034574,13.71
10185257,HIP 116819,G5V,0.64,0.965107548548606,0.28650551771440924,27.1
10185257,HIP 117473,M1.0V,0.03,0.48165142941214806,0.27903887538060124,5.95
10185257,HIP 117542,K1V,0.47,0.8953280503272014,0.18511109092548017,25.43
10185257,HIP 117712,K3V,0.39,0.8564635350869374,0.7980106091324847,10.89
10185257,HIP 117815,G0V,1.27,1.0461453061677422,0.5153831013435662,25.6
10185257,HIP 117880,G0V,2.65,1.197922532503084,0.19106817140551732,27.7
10185257,HIP 118162,G5,1.12,1.1106827633322949,0.5724026598458205,24.53
10185257,HIP 118278,G8V,0.62,0.9260991582754075,0.35880212441259846,25.09
10185257,HIP 120005,K7.0V,0.08,0.5910463909911561,0.7763997996581847,6.11
